,SNP,P,OR
1,rs9442372,0.03161,0.9174
17,rs10915550,0.04563,1.092
25,rs16840190,0.0006114,0.6815
28,rs11260646,0.02185,1.107
32,rs1698976,0.0292,1.104
56,rs746881,0.0003478,1.179
59,rs10864459,0.002318,1.13
74,rs2788749,0.006248,1.118
78,rs10927968,0.006058,0.7781
88,rs12096994,0.003759,0.8631
89,rs1344418,0.003278,0.8742
117,rs2743185,0.03607,1.128
138,rs482791,0.02906,1.616
143,rs2765849,0.004443,1.123
156,rs577168,0.01103,1.114
200,rs2796209,0.01094,1.388
206,rs811464,0.04216,1.164
228,rs617673,0.04868,0.8909
239,rs3748804,0.001871,1.148
286,rs4660849,0.01982,1.105
301,rs12144184,0.04876,0.7452
315,rs6670506,0.0189,0.8762
335,rs626353,0.03233,0.8618
341,rs12061238,0.04189,1.185
346,rs10888976,0.007715,0.8519
350,rs614020,0.03271,0.9172
421,rs639911,0.01904,0.8653
436,rs1430756,0.04354,0.9068
491,rs12748050,0.04318,0.831
492,rs1625911,0.03489,1.104
506,rs12043929,0.04388,0.8482
512,rs11579463,0.03608,1.149
621,rs1188736,0.04834,0.8905
622,rs1212212,0.005043,1.125
641,rs2491602,0.04452,1.106
644,rs12064125,0.0382,1.15
662,rs1277213,0.03796,1.089
668,rs12568668,0.02015,3.448
736,rs662243,0.03572,1.205
776,rs17719312,0.01548,1.154
809,rs2153208,0.03348,0.9164
816,rs41440146,0.02656,
843,rs6426993,0.00919,1.149
890,rs235876,0.02365,0.9038
902,rs2146564,0.02634,0.902
918,rs6703721,0.02735,0.9016
924,rs12567630,0.02963,1.108
939,rs898120,0.001089,1.366
1014,rs1328179,0.008289,0.8748
1016,rs16836469,0.006526,2.221
1036,rs17684096,0.02314,0.7759
1055,rs7551879,0.04387,1.093
1056,rs1728504,0.0242,0.9134
1063,rs1890334,0.03445,0.9188
1090,rs701608,0.02082,0.883
1098,rs11119229,0.01287,1.113
1116,rs1539195,0.02049,1.097
1152,rs12127692,0.009008,1.12
1158,rs11805614,0.005399,0.8618
1179,rs17010889,0.04336,1.16
1214,rs10495289,0.008087,1.156
1221,rs6683376,0.01207,0.8969
1222,rs1967707,0.04594,1.084
1223,rs2078219,0.0438,1.085
1260,rs6586354,0.04007,0.9211
1305,rs1915872,0.03689,0.8511
1309,rs3014578,0.02962,0.9039
1315,rs12723036,0.04771,1.149
1356,rs4925536,0.02452,0.9077
1430,rs17364519,0.02667,0.6475
1455,rs6732184,0.009638,0.8547
1467,rs16861439,4.837e-06,4.948
1488,rs10495693,0.01903,0.7356
1495,rs1016316,0.01792,0.8781
1512,rs6742888,0.004184,1.133
1513,rs7573494,0.04386,0.8996
1514,rs13405191,0.0237,0.8532
1517,rs7601172,0.04916,1.082
1532,rs6718128,0.03713,1.099
1536,rs17739431,0.0109,0.8885
1540,rs3768672,0.03562,0.8996
1552,rs4952181,0.007439,1.114
1553,rs4597574,0.03161,0.9169
1554,rs17010374,0.03181,0.8719
1576,rs10495786,0.0433,1.396
1620,rs7593406,0.03119,1.091
1652,rs4953020,0.007951,1.125
1654,rs9653492,0.0441,0.9175
1674,rs6712843,0.03198,0.9101
1716,rs11680015,0.02122,1.112
1728,rs2695602,0.002203,1.476
1738,rs2674040,0.03357,1.12
1739,rs2539684,0.002018,0.8835
1754,rs7574498,0.004312,1.137
1781,rs7602356,0.0223,0.8555
1822,rs7558686,0.02389,0.881
1841,rs7603328,0.01458,1.104
1854,rs290028,0.01052,0.9026
1865,rs13030183,0.009258,1.138
1866,rs6547260,0.007388,1.84
1869,rs1511195,0.007675,0.864
1906,rs7579665,0.04146,0.8032
1909,rs7589635,0.01635,1.111
1915,rs12465202,0.0305,0.4131
1923,rs17444095,0.03604,1.145
1996,rs17042591,0.03428,0.9049
2004,rs4251987,0.003339,1.683
2046,rs1527421,0.005144,1.119
2067,rs294683,0.01191,1.106
2070,rs17367563,0.03844,0.7645
2078,rs4848950,0.003686,0.8873
2099,rs2313160,0.04697,0.8491
2121,rs7608128,0.02159,1.096
2144,rs10206559,0.005459,0.8889
2177,rs2304700,0.046,1.123
2199,rs41357444,0.04638,1.555
2209,rs1196661,0.04192,0.9147
2235,rs11896224,0.04386,1.506
2240,rs926013,0.01037,1.11
2250,rs7601374,0.0367,0.8772
2265,rs1864430,0.04635,0.9185
2277,rs7596560,0.001901,1.133
2285,rs1227136,0.02023,1.155
2333,rs34081624,0.006859,0.6756
2355,rs4530328,0.04195,1.17
2368,rs1346775,0.03877,1.178
2432,rs10931715,0.0442,0.9171
2442,rs6434921,0.03787,0.8344
2475,rs16836238,0.04543,1.086
2531,rs1898719,0.0115,0.8807
2564,rs7424109,0.03009,0.9162
2588,rs870998,0.02393,1.101
2596,rs6746036,0.02304,0.9059
2636,rs6436839,0.04432,0.9224
2645,rs6725450,0.03662,1.152
2647,rs12995904,0.03369,0.8919
2669,rs13033621,0.0137,1.15
2722,rs11688970,0.02241,0.8844
2727,rs17021268,0.02432,1.246
2761,rs12492889,0.04483,0.8911
2775,rs6785659,0.002903,0.8662
2777,rs2176246,0.01558,0.903
2790,rs162784,0.01217,0.7091
2791,rs1385436,0.002915,0.8873
2793,rs9826025,0.006527,0.8942
2815,rs6807477,0.02208,0.8946
2822,rs9829797,0.03753,1.112
2831,rs6785796,0.006389,0.7918
2904,rs151277,0.01399,0.8772
2914,rs7429763,0.03008,1.113
2939,rs7624894,0.006537,0.8869
2954,rs1982639,0.008304,0.8748
3016,rs13071005,0.02782,1.119
3027,rs9870425,0.02339,0.9133
3039,rs10095,0.03846,0.8945
3052,rs11707681,0.03041,1.214
3075,rs1320163,0.01296,0.9051
3079,rs3852012,0.04352,1.107
3103,rs12489851,0.03543,0.3505
3157,rs17054788,0.04274,0.8161
3171,rs9835819,0.01615,0.8816
3194,rs6766789,0.005075,0.8874
3242,rs728270,0.02525,0.9134
3278,rs6800897,0.003255,0.8848
3297,rs1427434,0.03467,1.095
3327,rs2323275,0.04149,1.098
3337,rs3849497,0.03775,1.323
3340,rs1562500,0.0002728,0.8095
3351,rs7644521,0.01689,1.108
3362,rs4856387,0.01386,1.103
3369,rs4374540,0.04598,0.9191
3438,rs2055543,0.01957,0.8735
3465,rs2953141,0.02407,1.096
3477,rs12638351,0.04729,
3595,rs9848230,0.03304,1.109
3637,rs4854621,0.02946,0.9163
3649,rs17353336,0.01016,0.899
3650,rs12497870,0.01029,1.132
3651,rs11710087,0.03068,0.7524
3698,rs11714886,0.03091,0.9012
3701,rs922565,0.03464,0.8934
3735,rs800065,0.02224,1.111
3741,rs1513420,0.03572,1.205
3760,rs9874416,0.01966,0.8931
3794,rs16864268,0.03048,1.189
3799,rs6776457,0.0228,0.9096
3817,rs7637342,0.0429,1.086
3838,rs13087921,0.006223,1.696
3839,rs7632574,0.009295,0.8597
3841,rs2366408,0.03011,1.091
3888,rs3792298,0.01337,1.153
3891,rs7356046,0.02051,1.374
3901,rs2422191,0.04091,1.086
3951,rs17749903,0.001615,1.595
3970,rs16857664,0.02969,1.275
4004,rs2653301,0.04203,1.097
4014,rs6773854,0.0242,1.101
4045,rs6799860,0.03016,1.141
4047,rs9869038,0.02148,0.8712
4062,rs10439973,0.009972,1.111
4080,rs6780521,0.0006386,0.782
4087,rs2049005,0.01305,1.106
4176,rs13122226,0.02888,0.8974
4177,rs1533507,0.0129,0.8491
4191,rs11942684,0.03485,1.088
4213,rs10516254,0.01464,0.9007
4217,rs16888456,0.01982,0.8763
4232,rs16889971,0.0136,0.8882
4245,rs16891829,0.02209,0.7835
4249,rs11932730,0.03169,0.909
4265,rs10008571,0.01374,0.8303
4281,rs312368,0.0352,1.088
4333,rs11942963,0.04055,0.8999
4348,rs6856564,0.03823,1.1
4349,rs10021562,0.01709,1.133
4357,rs10027883,0.03298,1.089
4378,rs7663784,0.03585,0.8678
4402,rs10049867,0.02749,1.105
4449,rs4860998,0.01347,1.104
4461,rs4412028,0.03747,1.087
4479,rs7685214,0.0345,1.604
4483,rs7678593,0.04125,0.6529
4515,rs4328969,0.001362,1.149
4581,rs4277808,0.001703,0.816
4594,rs1531322,0.02959,1.116
4672,rs344117,0.04933,0.9128
4714,rs11945738,0.0407,0.8905
4723,rs17008292,0.02919,0.8911
4758,rs17013210,0.02828,1.105
4773,rs10026538,0.02618,0.9147
4815,rs17025434,0.0009872,0.6787
4831,rs6839510,0.04331,1.481
4861,rs11723084,0.04179,1.085
4862,rs6533075,0.03106,1.091
4928,rs28599641,0.03676,0.8991
4978,rs1948542,0.02688,1.237
4979,rs12499000,0.0165,1.27
5007,rs6823943,0.03116,0.9157
5008,rs6843692,0.03276,1.094
5012,rs6852293,0.01529,0.8998
5042,rs6847497,0.03111,0.7103
5045,rs2175125,0.03855,1.107
5049,rs17051093,0.03152,1.503
5050,rs11732140,0.0331,1.492
5078,rs10033517,0.03778,0.92
5112,rs358316,0.004873,1.315
5114,rs6843773,0.0434,0.9186
5127,rs13140326,0.01268,1.184
5132,rs11725705,0.02622,1.126
5174,rs11933114,0.04381,1.196
5196,rs9790682,0.02571,0.9033
5198,rs17031138,0.004068,0.8328
5214,rs11939934,0.03083,1.094
5226,rs1158264,0.03078,1.258
5253,rs4691100,0.002838,1.154
5269,rs4349627,0.03342,0.9177
5270,rs13113012,0.04674,0.9219
5272,rs17600543,0.03951,0.8152
5301,rs10017580,0.02109,1.137
5349,rs6836949,0.001707,1.154
5374,rs10213366,0.03199,1.124
5406,rs4467621,0.03257,0.918
5430,rs6811569,0.04974,1.084
5454,rs10069932,0.01893,1.11
5505,rs7447371,0.02715,0.904
5518,rs9313137,0.04526,1.1
5528,rs1993450,0.03258,0.918
5545,rs2968311,0.01279,1.105
5620,rs388887,0.02321,1.12
5632,rs2036853,0.03007,1.106
5688,rs10038457,0.0484,1.136
5704,rs13355586,0.03577,1.128
5712,rs9784631,0.03255,0.9165
5730,rs630347,0.02268,1.1
5765,rs468327,0.04123,1.086
5824,rs10060796,0.009798,1.138
5873,rs30365,0.01619,0.888
5880,rs230830,0.01683,0.8773
5885,rs1809660,0.02205,1.148
5886,rs11741803,0.01212,1.235
5902,rs17839379,0.02019,1.127
5917,rs251168,0.03233,0.8618
5953,rs16897043,0.02631,1.137
5962,rs2662321,0.04524,1.088
5987,rs298400,0.01152,1.117
6012,rs4348192,0.01182,0.8953
6021,rs1717567,0.04285,1.118
6027,rs1677626,0.03212,1.135
6036,rs3943733,0.01086,0.7897
6054,rs4466169,0.0139,1.226
6085,rs12519873,0.02484,0.7345
6086,rs2935534,0.01546,0.8817
6119,rs7702848,0.01279,1.106
6124,rs17086512,0.02848,0.8546
6128,rs34734,0.01945,1.228
6137,rs10063003,0.02992,1.095
6228,rs10068491,0.02651,1.109
6251,rs2964554,0.009499,0.8844
6268,rs1845560,0.003081,0.8074
6281,rs7443402,0.03629,1.09
6282,rs1429736,0.04873,0.9162
6286,rs1045241,0.016,1.121
6295,rs17146098,0.02477,1.101
6340,rs6871984,0.04166,1.357
6384,rs25887,0.0239,0.9133
6385,rs31427,0.005627,1.139
6411,rs598265,0.01886,0.8099
6453,rs356447,0.03328,1.149
6477,rs17216839,0.01744,1.51
6488,rs312637,0.03219,0.8964
6518,rs10051794,0.02149,0.9111
6537,rs17110062,0.001351,1.446
6555,rs2964607,0.03323,1.269
6583,rs10069258,0.006437,0.8648
6592,rs3734028,0.02275,1.105
6593,rs12522498,0.003649,1.123
6661,rs17074571,0.04994,1.085
6668,rs153283,0.02145,0.912
6693,rs296006,0.03771,0.9201
6694,rs2569114,0.04083,1.085
6712,rs17073397,0.03358,1.166
6715,rs1835933,0.04613,1.1
6729,rs172860,0.01808,1.15
6730,rs899358,0.0423,1.127
6746,rs17077258,0.01402,0.8454
6755,rs4867784,0.01818,0.8893
6813,rs729129,0.009926,1.111
6822,rs3757125,0.03734,1.087
6863,rs6934966,0.01072,0.8268
6892,rs911750,0.03289,0.9176
6919,rs7755101,0.02711,0.8918
6926,rs7755408,0.007892,0.7484
6938,rs6941422,0.0427,1.089
6939,rs1412741,0.005472,0.8947
6980,rs532048,0.02463,1.256
7038,rs9460980,0.04114,1.125
7040,rs16889440,0.002519,1.148
7047,rs4368803,0.01742,0.9091
7055,rs6925912,0.03721,1.093
7097,rs1610711,0.009833,1.115
7106,rs2857449,0.01671,0.78
7111,rs17195607,0.002048,0.08176
7131,rs2524089,0.03355,1.134
7160,rs9276922,0.03612,0.8594
7264,rs12204749,0.02448,0.9074
7309,rs6458702,0.04386,0.9217
7361,rs9396082,0.007534,0.8948
7362,rs6913781,0.02536,0.9134
7401,rs7760449,0.02955,1.25
7478,rs9350682,0.04684,0.9208
7500,rs9359486,0.01043,0.9005
7521,rs220429,0.04657,0.9219
7534,rs9344759,0.04123,1.086
7543,rs41439454,0.02253,1.243
7606,rs2039722,0.02337,1.098
7615,rs4320381,0.04985,0.8923
7618,rs9399694,0.01889,1.101
7676,rs17069280,0.04624,0.8853
7747,rs9489242,0.006807,0.7041
7753,rs13216372,0.02675,0.8154
7821,rs1919453,0.01229,1.114
7833,rs6916284,0.04969,1.153
7840,rs6569843,0.0237,1.095
7841,rs1124450,0.01504,1.105
7847,rs9493627,0.02534,1.096
7853,rs9494019,0.0237,0.8665
7890,rs6932056,0.03393,1.697
7948,rs4896869,0.02251,1.197
8024,rs6915413,0.04641,0.9082
8027,rs12663386,0.006875,1.204
8033,rs7750871,0.04631,1.132
8055,rs750997,0.03899,0.7007
8119,rs1547709,0.0002899,1.16
8132,rs697467,0.03076,1.096
8133,rs9365945,0.02539,0.8951
8163,rs2342647,0.001447,1.245
8175,rs4716412,0.03037,0.9163
8191,rs10254002,0.025,1.094
8194,rs10268609,0.03569,0.8856
8195,rs4273749,0.02247,0.91
8246,rs10263069,0.01629,1.11
8260,rs10282272,0.03407,0.9163
8272,rs10272334,0.02604,0.9148
8310,rs10273587,0.02256,0.8913
8348,rs7800176,0.03587,0.9051
8363,rs12669067,0.003654,1.123
8367,rs1318776,0.03874,0.9107
8384,rs12700077,0.0148,1.142
8386,rs10264784,0.04371,0.9225
8388,rs38144,0.0278,1.107
8392,rs3114424,0.006048,0.8949
8430,rs2528807,0.03663,0.7355
8490,rs6977730,0.01488,1.115
8493,rs543545,0.04084,0.8807
8494,rs177462,0.0019,0.8673
8504,rs28234,0.0241,0.8902
8528,rs6970210,0.007568,1.333
8542,rs764770,0.03095,0.8942
8573,rs343045,0.02414,1.202
8578,rs13438729,0.01048,1.383
8586,rs196601,0.03186,0.7697
8611,rs6462811,0.02759,1.094
8612,rs4723733,0.04403,0.9149
8663,rs2300413,0.02002,0.8579
8673,rs7787181,0.01486,0.905
8676,rs2471241,0.005761,0.8947
8679,rs12671457,0.01188,0.8594
8683,rs10499637,0.04962,0.91
8693,rs334527,0.01871,1.143
8714,rs2768425,0.04993,1.102
8715,rs1978165,0.04103,0.918
8761,rs10252217,0.0004884,1.237
8762,rs10488319,0.004881,1.75
8763,rs17135768,0.02457,1.108
8781,rs4587282,0.02392,1.107
8782,rs17172505,0.0202,0.875
8846,rs11974003,0.001301,1.149
8877,rs7796238,0.01158,0.8983
8892,rs6466718,0.002676,0.8853
8927,rs727650,0.04681,1.099
8936,rs2222812,0.04959,0.8815
9011,rs12055998,0.0405,1.146
9029,rs759657,0.03561,0.7722
9107,rs342251,0.04286,1.095
9115,rs17134769,0.002121,0.8539
9151,rs17159628,0.004149,1.279
9156,rs11762737,0.0428,1.096
9192,rs1403861,0.004851,1.124
9194,rs13234613,0.009923,1.204
9200,rs3823861,0.04903,1.086
9228,rs650653,0.02603,1.094
9329,rs10488402,0.01766,0.9091
9358,rs10954653,0.03224,0.9038
9366,rs11764865,0.04645,1.127
9373,rs512509,0.002048,1.144
9374,rs579518,0.04746,1.087
9397,rs2949763,0.02992,0.8603
9412,rs7806350,0.02737,0.9148
9424,rs7812091,0.02015,0.9111
9450,rs1110130,0.004334,0.8285
9462,rs2240628,0.03348,1.091
9463,rs2299965,0.03643,0.9197
9476,rs10244604,0.04288,0.8983
9480,rs10807994,0.0006772,0.8699
9486,rs12112082,0.0291,0.915
9492,rs6464342,0.03524,1.089
9500,rs10952491,0.03582,0.9143
9545,rs2906326,0.02571,0.9146
9563,rs7818615,0.01151,1.122
9567,rs7833068,0.03818,0.9177
9588,rs6998239,0.04927,0.8991
9598,rs7824328,0.0002106,0.8285
9610,rs12056402,0.04277,0.8666
9619,rs2617102,0.03664,1.297
9730,rs4841600,0.03879,0.9174
9747,rs12682236,0.01852,1.156
9766,rs7005262,0.04508,0.9218
9770,rs4831684,0.0069,1.139
9779,rs10110222,0.002796,0.8252
9821,rs2040469,0.02878,1.134
9827,rs2717756,0.01646,0.8396
9842,rs13281882,0.007559,0.8939
9847,rs1470186,0.0112,0.8373
9863,rs17604209,0.01243,1.219
9876,rs17579561,0.03057,1.158
9913,rs13267369,0.02551,1.093
9929,rs12677384,0.0264,1.093
9950,rs9773729,0.002674,1.283
9973,rs16879026,0.04525,0.5101
10040,rs9785096,0.03854,0.9202
10047,rs10103618,0.04587,0.8925
10063,rs1833511,0.04163,1.519
10098,rs10504132,0.04754,1.085
10146,rs13439178,0.02357,1.109
10159,rs6471678,0.02675,1.208
10162,rs3109904,0.03729,1.088
10170,rs41451745,0.01167,1.335
10222,rs6472373,0.0417,0.9096
10263,rs4738193,0.01529,0.8965
10334,rs2955015,0.02747,0.8526
10335,rs2291490,0.03519,0.8447
10354,rs12114220,0.02003,1.144
10366,rs4961020,0.01521,0.8639
10386,rs1882851,0.02247,1.111
10397,rs2246628,0.008611,0.8984
10400,rs11784117,0.0181,1.106
10406,rs2613217,0.02723,0.9082
10421,rs7009491,0.008696,1.139
10423,rs1500899,0.002632,0.8837
10425,rs10096747,0.02271,0.8643
10464,rs11992762,0.03228,1.433
10501,rs827581,0.03242,1.101
10528,rs1366963,0.01685,1.106
10540,rs16875901,0.02129,0.8474
10556,rs7350095,0.04203,1.972
10567,rs1994796,0.0008902,1.203
10582,rs13259309,0.01328,1.123
10588,rs3824201,0.04373,1.133
10589,rs10097784,0.04353,1.134
10593,rs4876665,0.0239,1.119
10669,rs16897940,0.009057,0.735
10684,rs2303954,0.04925,0.4906
10696,rs12681602,0.00428,1.239
10712,rs7827311,0.03908,1.086
10721,rs10099413,0.007652,1.138
10745,rs892353,0.02251,1.162
10758,rs1396981,0.04888,0.9012
10789,rs4736668,0.04666,0.8627
10790,rs2736860,0.01437,0.8956
10801,rs7833825,0.02306,0.8993
10819,rs9657442,0.03347,0.8218
10830,rs34065840,0.03924,0.8549
10844,rs1570770,0.03782,0.9138
10854,rs12545759,0.002571,1.129
10856,rs2318342,0.01067,0.9027
10860,rs6997652,0.01119,1.108
10923,rs7040448,0.04897,0.8779
10951,rs7048541,0.04524,1.088
10952,rs10738726,0.006988,0.8602
10970,rs10973702,0.02309,0.9089
10983,rs10814977,0.04557,1.084
10996,rs911734,0.03805,1.144
11035,rs10976684,0.0195,1.284
11047,rs7023863,0.03662,0.9167
11061,rs10117009,0.04599,0.8355
11102,rs2026326,0.01384,0.9019
11110,rs7867305,0.04565,0.902
11116,rs10960954,0.0373,1.11
11145,rs10511596,0.04331,1.1
11147,rs7860370,0.04129,0.7847
11214,rs7874958,0.005278,1.121
11215,rs1340048,0.01319,0.9035
11220,rs10810981,0.005934,1.268
11223,rs6475237,0.02892,0.91
11241,rs2180940,0.009378,1.11
11252,rs7874912,0.004432,0.8899
11257,rs10738564,0.002586,0.8389
11271,rs7853123,0.01592,1.153
11295,rs2383324,0.009413,0.8988
11310,rs12347175,0.01557,1.114
11325,rs10121678,0.002664,0.7368
11328,rs10511787,0.02732,0.687
11332,rs4878368,0.03045,0.9101
11342,rs10968179,0.03581,1.088
11344,rs10812699,0.00744,0.8819
11349,rs4319188,0.01748,1.221
11373,rs10969982,0.03253,0.8322
11385,rs10758089,0.0444,0.9217
11399,rs2196271,0.01913,1.156
11433,rs10972829,0.03671,1.089
11445,rs10814661,0.003949,0.8649
11489,rs10869078,0.018,1.128
11504,rs12002434,0.03711,1.206
11524,rs10123421,0.01414,0.8923
11553,rs577144,0.01207,1.13
11556,rs10512057,0.04367,0.907
11567,rs11792922,0.01077,0.8998
11568,rs884585,0.006674,1.117
11589,rs2209907,0.04848,0.8932
11605,rs12353167,0.04247,0.7994
11648,rs1023003,0.03307,0.9087
11665,rs11141918,0.03842,1.121
11670,rs665983,0.002486,1.186
11683,rs11265909,0.03927,1.097
11686,rs4877116,0.02785,1.093
11695,rs17445269,0.001196,0.8124
11706,rs291748,0.03765,1.091
11725,rs10992302,0.00198,1.411
11745,rs4428725,0.01743,1.103
11773,rs1857086,0.01171,0.8835
11867,rs2622932,0.02174,1.16
11884,rs7026016,0.02358,0.9126
11907,rs10978761,0.01822,1.18
11918,rs10979117,0.02738,1.156
11930,rs10512387,0.03587,0.914
11982,rs13285010,0.04533,0.9218
11996,rs2173193,0.0196,0.9061
12020,rs1249755,0.02192,0.8151
12023,rs10817667,0.04424,0.9201
12035,rs12380029,0.03148,0.8219
12049,rs2026587,0.04011,0.8422
12096,rs1413316,0.03495,0.8821
12126,rs10156486,0.02383,1.229
12134,rs1927239,0.007972,1.114
12136,rs7039823,0.03822,1.088
12188,rs7867237,0.0124,0.8635
12211,rs11792907,0.004479,0.7259
12295,rs11814309,0.01892,1.342
12313,rs12240387,0.003786,1.131
12398,rs7919666,0.04078,0.8506
12429,rs7100029,0.03471,0.8199
12475,rs1409322,0.01577,1.101
12479,rs4750400,0.04892,0.9121
12483,rs17632029,0.02191,0.8067
12485,rs12248809,0.01488,0.8841
12599,rs3006792,0.00174,0.8772
12604,rs16927341,0.01967,1.158
12621,rs1249500,0.02545,0.8513
12626,rs16929384,0.004243,1.14
12632,rs16929845,0.02594,1.39
12664,rs12248724,0.04807,1.121
12681,rs1902403,0.0002686,1.297
12701,rs11593858,0.0175,0.8917
12716,rs17649706,0.02617,2.136
12722,rs11011181,0.01857,2.219
12727,rs11011478,0.01035,0.787
12730,rs2801948,0.009958,1.302
12733,rs1147918,0.01878,1.288
12872,rs1698444,0.0435,0.6254
12894,rs7086260,0.03387,0.9173
12927,rs1010889,0.02638,1.094
12940,rs4545433,0.04451,1.086
12957,rs2921945,0.04793,1.116
12962,rs4272690,0.04594,1.084
12966,rs7905097,0.03115,1.093
12992,rs2688760,0.04461,1.101
13044,rs2917454,0.03276,0.8246
13063,rs1249150,0.03732,1.133
13064,rs2448388,0.04315,1.129
13069,rs810083,0.02961,0.9137
13097,rs11188938,0.02219,2.241
13125,rs12766238,0.03057,0.9113
13133,rs10736319,0.04512,1.148
13165,rs7906629,0.02642,1.125
13169,rs406671,0.0292,1.128
13212,rs7924271,0.02695,1.096
13213,rs2490751,0.02847,0.9125
13217,rs787666,0.04204,0.8899
13227,rs11187825,0.01455,0.9033
13249,rs7912249,0.01866,0.8905
13262,rs2078298,0.03989,1.086
13271,rs6584123,0.02665,1.093
13287,rs10509727,0.04744,0.7684
13311,rs722435,0.007664,0.8875
13312,rs807020,0.009558,0.8867
13331,rs11192152,0.03413,1.337
13363,rs2250938,0.02451,0.9076
13364,rs10509854,0.02489,0.8874
13394,rs1360864,3.354e-05,1.187
13395,rs4468280,0.03484,1.091
13401,rs1923658,0.02935,0.9156
13417,rs4486551,0.00763,0.8039
13430,rs808332,0.01523,1.116
13432,rs17663387,0.02658,1.094
13583,rs1555702,0.01106,1.167
13603,rs12356461,0.01442,1.27
13636,rs7850658,0.04462,0.9225
13651,rs3741219,0.02815,1.122
13663,rs10430833,0.0017,0.8501
13725,rs1466975,0.01567,0.8508
13735,rs4072102,0.04936,1.247
13778,rs11042761,0.03257,1.134
13782,rs10840433,0.006949,1.116
13819,rs3816921,0.01652,0.7577
13847,rs1393873,0.02217,0.7938
13891,rs10500851,0.02778,1.115
13921,rs10741908,0.02317,0.9086
13931,rs448101,0.0315,0.8574
13936,rs10833955,0.02199,1.1
13952,rs11028634,0.02074,0.8646
14013,rs2179644,0.0318,1.143
14019,rs831608,0.003696,1.203
14025,rs10836174,0.03792,1.093
14034,rs3829280,0.04594,1.103
14057,rs2166284,0.04531,0.923
14060,rs11034401,0.0441,0.8999
14062,rs12270180,0.02818,1.096
14111,rs11827196,0.0174,0.8609
14140,rs7117026,0.04693,0.8963
14142,rs12577955,0.03869,1.11
14180,rs7120107,0.01957,1.839
14220,rs17153770,0.04287,1.112
14223,rs482356,0.0396,1.09
14297,rs3136543,0.005559,0.8864
14298,rs2513304,0.04118,0.9213
14299,rs7941385,0.003436,0.8836
14330,rs7928249,0.009985,1.11
14331,rs12791871,0.02222,1.1
14371,rs10736804,0.008722,1.146
14380,rs1237490,0.0364,1.098
14381,rs3015993,0.005912,1.141
14382,rs3018485,0.001802,1.163
14402,rs951932,0.01307,0.9003
14404,rs11237850,0.03932,1.088
14433,rs2219479,0.04464,1.106
14440,rs673021,0.04959,1.082
14497,rs9666730,0.04878,1.094
14503,rs10831496,0.0329,0.9153
14504,rs656544,0.03156,1.199
14530,rs4536170,0.02632,0.9141
14532,rs10501797,0.04591,1.087
14533,rs3847531,0.007299,0.896
14534,rs10830955,0.02577,0.8825
14542,rs2658781,0.0212,0.8817
14558,rs2156466,0.01309,0.893
14562,rs10765800,0.04247,1.085
14591,rs7944403,0.03734,0.9161
14594,rs12420145,0.02343,0.8467
14595,rs17340054,0.0249,1.273
14641,rs11225329,0.01865,1.213
14693,rs2847190,0.01991,1.098
14703,rs6589078,0.03177,0.9056
14717,rs2136361,0.00854,1.119
14730,rs541198,0.001519,0.8705
14737,rs34575249,0.04659,0.6825
14756,rs542273,0.003523,1.124
14758,rs566775,0.03789,1.166
14836,rs9665960,0.03717,0.8779
14844,rs2070045,0.03062,0.8463
14888,rs676172,0.0449,1.127
14895,rs948054,0.03283,1.09
14900,rs879164,0.004797,1.168
14904,rs1793673,0.04023,0.8165
14951,rs2512642,0.004732,1.271
14992,rs7936271,0.04379,0.9141
15001,rs1106984,0.03295,1.098
15002,rs7135126,0.02729,0.8877
15007,rs12310930,0.04168,1.096
15032,rs12301855,0.02296,1.161
15051,rs11063044,0.004993,1.217
15106,rs12817979,0.03481,0.896
15114,rs10844141,0.0009363,1.157
15129,rs2417908,0.04141,1.105
15132,rs12231432,0.007568,1.333
15161,rs7969849,0.04147,0.9176
15162,rs7133988,0.01515,1.116
15201,rs11056567,0.004066,1.175
15308,rs16927526,0.0204,1.501
15318,rs12308231,0.01447,0.9059
15335,rs2046411,0.04432,1.151
15336,rs10771306,0.006917,0.7601
15373,rs16935468,0.02686,1.204
15384,rs3910561,0.02461,1.108
15385,rs12811890,0.01374,1.113
15429,rs1345048,0.01202,1.206
15430,rs1431122,0.001382,1.26
15434,rs11180948,0.02713,0.8734
15447,rs1064469,0.02379,1.095
15472,rs11182986,0.008107,0.7645
15488,rs11183913,0.01623,1.23
15499,rs10747527,0.002526,1.172
15521,rs2292217,0.0088,0.8981
15539,rs10876354,0.005645,1.127
15544,rs10876405,0.02708,0.9075
15583,rs11172498,0.01387,1.136
15590,rs10783931,0.007434,1.128
15618,rs10877692,0.04271,1.116
15631,rs7303981,0.02443,0.8218
15646,rs7953554,0.004007,0.8469
15647,rs6581657,0.009867,0.8723
15681,rs11177307,0.02694,0.8937
15714,rs1797374,0.00133,0.8794
15724,rs12820387,0.007849,0.8863
15726,rs41387445,0.02032,1.179
15728,rs6582123,0.009614,0.8849
15794,rs11111145,0.02313,0.9119
15797,rs7302427,0.04129,0.8277
15809,rs1163254,0.04167,0.9137
15816,rs1921059,0.006323,1.116
15876,rs11105118,0.03945,0.7334
15935,rs7300945,0.03578,0.8834
15942,rs1120107,0.02114,0.8969
16006,rs1483006,0.006667,1.146
16073,rs12321813,0.02562,1.13
16075,rs7299479,0.006322,1.136
16127,rs17627481,0.02983,0.4459
16166,rs7301908,0.04303,0.8985
16241,rs12578815,0.03761,0.8677
16288,rs1385993,0.04522,2.393
16367,rs10747186,0.02749,0.897
16388,rs9285110,0.005318,1.122
16405,rs518590,0.03357,1.09
16420,rs9510073,0.02919,0.9164
16452,rs9511316,0.001993,1.141
16477,rs9783540,0.0298,0.8601
16481,rs4770903,0.0344,0.8654
16611,rs2555614,0.02595,1.128
16618,rs4055938,0.008539,0.8518
16620,rs9538499,0.01849,0.8774
16718,rs9549055,0.0163,1.119
16770,rs7322107,0.04141,0.9176
16781,rs7320846,0.04902,1.087
16783,rs9567458,0.04274,1.171
16826,rs9534545,0.01568,1.106
16831,rs17326461,0.02598,0.8784
16840,rs7991892,0.04197,0.8971
16872,rs1923730,0.03814,1.196
16906,rs2575960,0.0312,1.114
16915,rs9536407,0.03236,1.113
16937,rs7334154,0.01902,1.114
16964,rs10870932,0.02569,1.097
16983,rs9592040,0.0004739,0.8457
16988,rs17058237,0.02072,0.7941
17042,rs1442014,0.03347,0.9099
17063,rs9541790,0.003827,0.8806
17095,rs9529915,0.04835,0.8879
17116,rs1318737,0.03692,0.9165
17118,rs1041362,0.009772,0.8877
17121,rs1361057,0.03228,0.9068
17123,rs7333671,0.02394,0.8899
17161,rs7335576,0.04106,0.8437
17185,rs9544635,0.003459,0.7955
17197,rs17070168,0.003928,0.7016
17205,rs1576654,0.04078,0.908
17219,rs9545261,0.03016,0.9088
17220,rs7333430,0.0337,0.9144
17223,rs7986411,0.03409,1.107
17224,rs9574597,0.0426,0.9004
17226,rs390195,0.04854,0.9241
17267,rs6650461,0.032,1.126
17280,rs1764961,0.03245,0.9179
17341,rs9583867,0.04822,1.084
17349,rs4771841,0.03506,0.8798
17351,rs16946362,0.004856,1.128
17358,rs6492611,0.01546,1.117
17368,rs1328366,0.0226,0.876
17369,rs2057524,0.0251,1.202
17383,rs1409176,0.03063,1.146
17391,rs1581753,0.01525,1.126
17408,rs3087337,0.02599,0.7383
17417,rs7331050,0.01724,0.891
17418,rs16951476,0.00712,0.88
17448,rs8002043,0.04474,0.9211
17450,rs12431364,0.03115,1.204
17454,rs7989188,0.003546,0.882
17517,rs610678,0.0395,0.8648
17582,rs470422,0.01209,0.8849
17612,rs9559062,0.03878,0.8232
17623,rs11618301,0.03937,0.6766
17625,rs4411379,0.04612,1.083
17665,rs7323190,0.0116,1.115
17677,rs12858775,0.0327,1.096
17694,rs1151449,0.04557,1.083
17750,rs8017622,0.0322,0.8751
17792,rs2180395,0.04628,0.8316
17803,rs17096371,0.01925,0.815
17840,rs2753592,0.04144,0.848
17879,rs170475,6.051e-05,0.8128
17897,rs17098197,0.02779,1.137
17914,rs4981990,0.03245,0.8395
17960,rs12586945,0.02852,0.9154
18000,rs4900918,0.0403,0.8924
18011,rs1571509,0.02135,0.8174
18034,rs2144030,0.01028,1.348
18037,rs17110839,0.005634,1.15
18049,rs7146332,0.04643,1.083
18052,rs712405,0.00895,0.8999
18053,rs853238,0.02937,0.9139
18054,rs12323560,0.007116,0.8762
18058,rs1763277,2.328e-05,1.225
18071,rs17113034,0.03309,0.8979
18098,rs11157459,0.006519,0.8943
18100,rs7492879,0.03077,1.377
18116,rs17092682,0.01373,1.305
18127,rs12891725,0.04732,0.9206
18134,rs11157637,0.03954,0.7936
18135,rs2416186,0.0165,1.27
18141,rs7157470,0.04576,0.9231
18172,rs11846180,0.002784,0.6817
18182,rs17660434,0.04999,1.113
18200,rs8011220,0.02788,1.105
18221,rs1008499,0.02103,1.126
18249,rs7142488,0.03695,1.092
18273,rs7143051,0.04705,0.8989
18282,rs7155706,0.0005264,0.8648
18284,rs2145600,0.03014,0.8518
18286,rs2007064,0.02943,1.133
18288,rs2348361,0.002765,1.171
18313,rs8012816,0.04509,0.9226
18320,rs767755,0.03727,1.087
18321,rs17098343,0.01274,0.8752
18356,rs10483770,0.02451,0.8911
18365,rs10137972,0.01068,1.178
18367,rs7144688,0.0109,0.8975
18369,rs8003490,0.01483,0.8902
18390,rs12433827,0.02535,0.7196
18392,rs6573640,0.01831,0.6601
18395,rs876747,0.02663,0.9151
18412,rs12897380,0.04046,0.9213
18426,rs17104889,0.01155,0.8978
18474,rs17108197,0.02494,0.9133
18501,rs193548,0.04241,0.9078
18554,rs1156021,0.003543,1.145
18558,rs699375,0.0421,0.9103
18569,rs4903305,0.03078,0.8986
18596,rs4903469,0.01733,1.125
18615,rs17094040,0.007969,0.4246
18699,rs915059,0.01467,0.8876
18702,rs9323728,0.02079,1.103
18703,rs2153487,0.006454,1.155
18705,rs11846825,0.04756,1.094
18723,rs17258171,0.03778,1.096
18727,rs709855,0.01693,0.8733
18768,rs4144361,0.02929,1.121
18769,rs4243682,0.008891,1.115
18831,rs1951244,0.005771,0.8378
18844,rs17127869,0.004691,1.457
18857,rs1316505,0.03282,1.099
18862,rs8010047,0.04009,0.9017
18878,rs748762,0.02579,0.914
18913,rs11622015,0.004228,0.8884
18942,rs1545280,0.04803,0.8708
18959,rs11627386,0.04965,1.17
18987,rs4905706,0.04127,0.9034
18994,rs4905741,0.002041,1.236
18998,rs12437176,0.001499,1.204
19011,rs11160518,0.03247,0.8968
19039,rs17100035,0.01879,1.136
19054,rs2896439,0.03852,1.092
19121,rs10873605,0.04085,0.921
19137,rs12908377,0.02634,1.102
19150,rs7173713,0.002571,0.8854
19165,rs10519577,0.04163,1.519
19166,rs12148267,0.02514,1.586
19189,rs7495174,0.004281,0.8606
19234,rs7175258,0.04898,0.8442
19244,rs17816121,0.02389,1.109
19262,rs345776,0.01907,1.103
19301,rs921508,0.03426,0.9023
19339,rs10468086,0.008841,0.8488
19351,rs4128139,0.04454,0.9222
19352,rs12442608,0.007608,0.0
19353,rs8024657,0.04408,1.115
19357,rs8034033,0.006091,0.8888
19367,rs28438860,0.006435,0.8114
19376,rs723049,0.003043,0.884
19426,rs7163788,0.0239,0.9136
19441,rs12594765,0.01806,0.8805
19442,rs7175582,0.04801,0.9226
19443,rs16957165,0.01735,0.887
19464,rs8038672,0.008481,0.7918
19467,rs7175978,0.01779,0.8022
19520,rs6493294,0.003037,1.154
19525,rs4284577,0.02666,1.102
19545,rs2413931,0.03394,1.089
19546,rs11633810,0.008117,0.8994
19547,rs1048975,0.003114,1.129
19558,rs12050638,0.003751,1.129
19569,rs7163457,0.005986,1.127
19593,rs1724616,0.01958,0.9047
19595,rs1693502,0.01092,0.8987
19600,rs3899166,0.02321,0.8727
19604,rs11070974,0.04928,0.8724
19606,rs1996310,0.0436,0.9184
19609,rs689751,0.04139,1.149
19621,rs7172577,0.01932,1.14
19623,rs12915691,0.03097,1.133
19644,rs12050587,0.0168,0.9086
19647,rs692062,0.04631,1.269
19691,rs2464471,0.01387,0.8809
19692,rs2704230,0.002699,0.8869
19694,rs2704207,0.01206,0.8969
19695,rs2642627,0.01752,0.894
19700,rs7179726,0.01658,1.101
19701,rs4775027,0.01138,1.107
19731,rs2010662,0.0209,1.097
19739,rs17270181,0.02031,1.247
19777,rs8041905,0.008244,1.115
19778,rs7171455,0.01149,0.9004
19786,rs1406226,0.02518,1.137
19787,rs17205589,0.02518,1.137
19831,rs6494441,0.004619,1.121
19832,rs1867272,0.0353,1.088
19841,rs1388216,0.02204,1.097
19842,rs8028184,0.02119,1.098
19843,rs8031061,0.02233,1.181
19848,rs567065,0.0364,0.9191
19851,rs2899700,0.0006771,1.15
19926,rs2924632,0.03274,0.9153
19955,rs12913071,0.01564,0.8629
19983,rs4887164,0.03796,1.101
19985,rs1550437,0.02799,1.094
20045,rs12148472,0.02839,0.8852
20091,rs4778945,0.03342,1.202
20094,rs2665110,0.04414,1.156
20106,rs12591031,0.04354,1.094
20129,rs13379803,0.01213,0.9045
20136,rs12905492,0.04179,0.7921
20140,rs12592815,0.02498,1.103
20154,rs1817955,0.01832,1.129
20177,rs7171014,0.02611,1.102
20204,rs4932444,0.008111,1.118
20227,rs16974215,0.04637,0.9157
20242,rs7177152,0.00689,1.195
20253,rs1568210,0.02365,1.097
20273,rs17706003,0.03795,1.139
20274,rs11853328,0.008098,0.845
20287,rs12900133,0.02702,0.9009
20308,rs16949386,0.001401,1.259
20310,rs12591792,0.007915,1.26
20337,rs1450494,0.01851,0.9081
20338,rs10520808,0.03555,1.09
20350,rs12900931,0.009108,1.11
20403,rs4965485,0.0137,0.8361
20407,rs12907047,0.003417,1.28
20439,rs12898443,0.03972,0.825
20449,rs6598481,0.03374,1.097
20477,rs10903010,0.04425,0.8827
20498,rs323073,0.04234,0.9192
20539,rs4786676,0.02847,0.8275
20564,rs13333761,0.04634,0.9219
20595,rs2346611,0.006714,0.8626
20606,rs8053004,0.02537,1.095
20629,rs11860940,0.02114,0.9118
20634,rs2270287,0.04237,0.869
20692,rs2047923,0.02766,0.8695
20697,rs4774,0.02709,0.9038
20711,rs7191330,0.02824,1.092
20797,rs8052419,0.03641,1.102
20815,rs12448862,0.02861,1.092
20816,rs13334665,0.002135,0.838
20818,rs2270849,0.01217,0.7698
20830,rs2521795,0.008265,1.126
20833,rs11859061,0.01622,1.11
20834,rs1548446,0.003984,0.878
20838,rs4780842,0.02739,0.9092
20840,rs9933116,0.02253,0.9127
20849,rs1496759,0.005393,0.894
20850,rs3087812,0.007107,1.116
20860,rs12923444,0.001261,1.188
20944,rs4480808,0.01851,0.7766
20947,rs9806856,0.02443,0.8576
20972,rs7192633,0.03938,0.9168
20996,rs3935873,0.01565,1.119
20997,rs12444108,0.03248,1.097
20998,rs11150581,0.0168,1.117
21014,rs7192047,0.009871,0.8102
21028,rs16945689,0.045,0.3926
21031,rs13336625,0.01144,1.131
21050,rs9926131,0.002912,0.8755
21063,rs11076557,0.02895,0.7549
21065,rs12925999,0.04308,1.091
21155,rs396230,0.007644,1.119
21170,rs12935285,0.0405,0.9183
21181,rs8051896,0.02391,0.9119
21204,rs1445454,0.03028,0.8768
21209,rs1816112,0.04047,1.099
21233,rs12149022,0.02598,2.464
21244,rs2938720,0.03403,0.9131
21262,rs1428775,0.03724,1.149
21287,rs11644732,0.04734,0.8137
21331,rs13331125,0.02858,0.8064
21332,rs13332128,0.03914,0.8145
21334,rs7186153,0.03972,1.158
21337,rs11649369,0.04602,0.8266
21358,rs3094448,0.03276,0.8246
21393,rs328340,0.02745,0.8611
21395,rs13339325,0.04008,1.106
21414,rs17762472,0.009669,1.225
21449,rs2161715,0.02846,1.119
21488,rs1567589,0.04158,1.209
21555,rs12917698,0.03993,1.088
21556,rs1401197,0.04778,1.095
21565,rs12933466,0.03387,0.8616
21599,rs4611451,0.02321,0.9082
21609,rs7199749,0.01193,0.893
21612,rs882689,0.02656,0.9057
21625,rs1462035,0.01801,1.132
21649,rs12444050,0.04426,1.084
21652,rs11862535,0.04558,1.083
21666,rs9933734,0.01644,0.9082
21670,rs884492,0.04322,0.9126
21685,rs12445639,0.001691,1.16
21694,rs2550425,0.04427,0.9079
21725,rs7194620,0.03447,1.116
21753,rs11645771,0.04079,0.8697
21763,rs1364075,0.01356,1.109
21784,rs7201269,0.001139,1.143
21785,rs11117321,0.02229,1.096
21804,rs463701,0.03486,1.089
21808,rs2074904,0.007493,1.402
21809,rs1800339,0.008594,1.396
21810,rs17232428,0.02114,0.7906
21812,rs4785759,0.02096,0.8919
21820,rs7213702,0.02758,0.8904
21880,rs2519715,0.0352,0.8722
21941,rs9911319,0.0458,1.088
21942,rs16954840,0.04199,0.9153
21944,rs2716922,0.03253,0.8993
21987,rs11652328,0.01872,0.8864
21989,rs4968211,0.04192,1.119
22017,rs12103492,0.02141,1.181
22019,rs2249929,0.01318,0.8934
22020,rs2125348,0.01318,0.8934
22072,rs4141189,0.03269,1.091
22099,rs2176664,0.01674,1.102
22115,rs7211590,0.03489,0.9184
22150,rs11649886,0.01346,0.8945
22165,rs12600435,0.04905,0.7716
22215,rs12603319,0.002071,0.8351
22233,rs8075712,0.02702,1.098
22291,rs9906481,0.0128,3.696
22305,rs178865,0.03983,0.8941
22323,rs321152,0.02207,0.8653
22344,rs7215745,0.03618,0.9187
22386,rs968891,0.0463,0.9186
22395,rs11080330,0.01782,0.8862
22434,rs2502362,0.04844,0.9153
22470,rs2715555,0.02847,1.33
22521,rs12449771,0.01235,0.677
22597,rs4794726,0.006541,1.147
22598,rs11651168,0.01524,0.9045
22601,rs9221,0.02554,1.112
22608,rs11656072,0.03174,0.8451
22629,rs2463496,0.03337,1.108
22708,rs9891967,0.04307,0.8757
22727,rs4329963,0.04564,1.17
22745,rs1442828,0.02365,1.117
22746,rs4605230,0.02984,0.8832
22806,rs2643116,0.001903,1.281
22808,rs17855093,0.01945,0.3463
22851,rs2041277,0.01404,1.125
22876,rs8070837,0.01135,0.8961
22914,rs11079678,0.03785,1.334
22918,rs4791286,0.01462,1.105
22959,rs17779747,0.0008748,0.413
23011,rs16977376,0.04538,1.092
23021,rs7212670,0.02784,0.8221
23036,rs1870247,0.008483,1.113
23090,rs11655883,0.01293,1.227
23095,rs8072007,0.03551,1.096
23108,rs12452081,0.03762,0.8339
23109,rs4789559,0.01082,0.864
23116,rs6501249,0.0005836,0.8682
23120,rs976990,0.02929,1.094
23144,rs2672871,0.03573,0.918
23160,rs35953598,0.00314,0.4234
23165,rs11655185,0.03557,1.148
23171,rs3848403,0.00462,0.8848
23188,rs7229142,0.03503,0.918
23190,rs7244413,0.03605,0.917
23209,rs312995,0.04409,1.09
23232,rs635500,0.02607,1.125
23241,rs10153321,0.0498,1.149
23261,rs4798155,0.04664,1.109
23279,rs1506338,0.01338,1.177
23308,rs577695,0.005391,0.8921
23318,rs184649,0.005208,0.8942
23322,rs8096241,0.02629,1.112
23326,rs11081253,0.03071,0.8529
23327,rs1941492,0.006702,0.8504
23333,rs387062,0.01753,0.9073
23346,rs4798587,0.005612,0.8651
23363,rs9949325,0.013,0.8927
23402,rs4132034,0.01206,1.116
23415,rs1045648,0.002465,0.2179
23436,rs472174,0.01151,1.132
23438,rs12957891,0.003499,1.124
23465,rs12326169,0.01077,0.8902
23480,rs12964673,0.01257,1.193
23540,rs17260233,0.0004028,0.8319
23542,rs10853647,0.01222,0.9041
23553,rs12458447,0.02643,1.145
23630,rs1943555,0.04153,0.8892
23638,rs17656284,0.04729,
23649,rs9950622,0.04643,0.9183
23667,rs8083848,0.04189,1.085
23678,rs9957992,0.04277,1.145
23682,rs9635921,0.04894,1.143
23683,rs9962466,0.004724,0.8919
23686,rs9947831,0.02873,1.111
23704,rs531558,0.03768,0.9194
23756,rs9956072,0.007424,1.185
23769,rs7232907,0.001364,1.182
23775,rs1943160,0.0472,1.133
23776,rs4627440,0.03396,0.9136
23780,rs307129,0.00654,1.118
23810,rs9961679,0.002576,0.8129
23816,rs643081,0.01888,1.176
23819,rs2169383,0.02492,1.094
23834,rs16977378,0.009108,0.7295
23926,rs12955570,0.006941,1.239
23933,rs357854,0.02864,0.8354
23977,rs11873590,0.00217,1.145
23978,rs1370480,0.001687,1.159
23996,rs16960507,0.04679,1.26
24012,rs8099078,0.01809,0.9015
24027,rs8091068,0.03397,0.9186
24059,rs9945630,0.02519,1.209
24073,rs3745041,0.0128,3.696
24106,rs12956511,0.007287,0.8579
24152,rs154912,0.04483,1.216
24154,rs242630,0.02521,1.118
24168,rs5019657,0.004018,0.8783
24197,rs1545812,0.02655,0.9122
24206,rs1720840,0.02277,1.14
24211,rs667216,0.04905,1.087
24225,rs7236783,0.008748,1.133
24251,rs1704815,0.004308,0.7011
24252,rs2960615,0.0003054,1.197
24283,rs11151418,0.04584,0.9103
24306,rs930165,0.03931,1.091
24317,rs8097665,0.02587,0.9081
24329,rs4891814,0.0156,0.878
24330,rs1484736,0.01238,1.207
24334,rs11662930,0.001101,0.7835
24367,rs9967375,0.04891,0.9226
24420,rs3794946,0.02085,1.147
24425,rs17089174,0.04225,0.8774
24434,rs17089390,0.03343,0.83
24443,rs12956852,0.03206,0.8388
24449,rs4891258,0.008478,0.868
24461,rs990826,0.01681,1.101
24462,rs1030564,0.04631,1.111
24465,rs672318,0.04488,1.125
24468,rs8084598,0.04717,0.9207
24479,rs3794834,0.03984,0.9196
24482,rs4890890,0.03946,0.9187
24492,rs12457788,0.03542,0.89
24495,rs11663726,0.01085,1.135
24507,rs11877899,0.006195,1.302
24509,rs12954185,0.01994,0.4525
24512,rs7237276,0.01091,1.146
24523,rs2931053,0.04684,0.8912
24535,rs645860,0.03372,0.9185
24544,rs9890099,0.02459,1.105
24564,rs8112519,0.01925,0.9106
24573,rs3787016,0.03645,0.8688
24581,rs713042,0.02887,0.9095
24626,rs918171,0.001557,1.317
24627,rs11085019,0.02794,1.092
24667,rs11514,0.0254,1.114
24671,rs1141371,0.009954,1.111
24720,rs1053377,0.03731,1.087
24727,rs339404,0.004887,1.229
24735,rs8113413,0.009788,0.8998
24737,rs966591,0.04437,0.9217
24768,rs10426486,0.03534,0.8517
24772,rs10417466,0.00278,0.8757
24773,rs4804310,0.003618,1.387
24779,rs10411029,0.02575,1.105
24822,rs2569538,0.02627,0.888
24833,rs34081,0.01025,2.63
24846,rs157185,0.02536,1.1
24861,rs1122168,0.00675,1.217
24899,rs10426905,0.01868,0.8404
24977,rs12459886,0.04367,0.0
25021,rs1045747,0.01167,0.8874
25052,rs2074089,0.03023,0.9091
25059,rs2288865,0.04217,0.9047
25066,rs12978376,0.002673,1.145
25100,rs10411933,0.01961,1.131
25155,rs8103836,0.007361,0.7278
25157,rs8106164,0.01625,1.113
25159,rs10414829,0.03184,0.8889
25195,rs7250135,0.0265,0.8928
25207,rs12980381,0.009909,1.116
25226,rs877770,0.01,0.9017
25227,rs16964544,0.005138,0.8906
25228,rs1184398,0.04845,1.082
25229,rs4805612,0.02897,0.8793
25230,rs7248486,0.02288,1.098
25261,rs17774647,0.03651,0.8041
25310,rs17328164,0.04796,0.8505
25342,rs720308,0.03362,1.176
25343,rs12461927,0.04456,1.158
25353,rs4806187,0.03045,0.8911
25411,rs2232997,0.01382,0.6344
25417,rs2099339,0.02394,0.9126
25436,rs373449,0.0003617,1.239
25462,rs16974537,0.02043,0.8259
25480,rs35822851,0.03187,0.1403
25575,rs16980282,0.007876,0.8549
25663,rs3187346,0.03902,0.9114
25665,rs14816,0.04729,
25716,rs17716331,0.03586,1.19
25725,rs11084088,0.03231,1.323
25727,rs10422932,0.03023,1.273
25769,rs12462843,0.007152,0.7664
25775,rs16984664,0.006764,0.8888
25788,rs36621,0.02523,1.107
25825,rs1042506,0.02876,1.128
25846,rs7248792,0.04996,1.387
25856,rs8106879,0.01245,1.109
25876,rs6510050,0.0354,1.088
25877,rs4474796,0.04725,0.9041
25906,rs2305120,0.02207,0.8521
25907,rs13344155,0.03807,1.095
25914,rs6110044,0.0139,1.166
25933,rs500066,0.005066,1.356
25938,rs6134042,0.03875,1.175
25993,rs4813627,0.03203,1.093
26004,rs6084432,0.0419,0.8822
26068,rs16991686,0.03155,0.8953
26085,rs6140076,0.02885,0.8554
26086,rs1987579,0.04512,0.9226
26106,rs2206900,0.01653,1.102
26109,rs2179984,0.02382,0.9012
26113,rs1883502,0.00273,1.136
26186,rs6078273,0.01509,0.7922
26227,rs17226299,0.02862,1.278
26243,rs6042394,0.007916,0.8632
26282,rs6043705,0.01464,0.9051
26358,rs1109030,0.0158,0.8512
26379,rs6081651,0.01545,1.103
26405,rs6137017,0.03732,1.13
26410,rs13044982,0.00844,0.7574
26430,rs8119151,0.02087,0.8766
26491,rs6049888,0.04639,1.083
26497,rs6106953,0.03501,1.106
26502,rs727964,0.03967,1.103
26505,rs7268879,0.0252,1.409
26516,rs3861323,0.0108,0.3433
26524,rs6061104,0.009751,1.112
26538,rs17123507,0.02351,0.8233
26592,rs2378348,0.01878,0.8693
26603,rs6121148,0.0298,1.187
26674,rs6028403,0.006681,0.6288
26684,rs294407,0.02479,0.8337
26702,rs16989014,0.04239,0.863
26731,rs3092217,0.01198,0.9017
26760,rs11698772,0.0009664,1.261
26778,rs8115331,0.004677,1.131
26779,rs861157,0.001322,1.228
26781,rs743152,0.04766,0.9226
26852,rs6124885,0.02993,1.181
26921,rs4811068,0.02034,1.144
26929,rs6067576,0.02592,1.093
26974,rs1293421,0.0001074,0.8322
26984,rs4811482,0.0491,0.7931
26985,rs16998568,0.04674,1.146
26990,rs6127081,0.01536,0.7526
27000,rs2256661,0.01538,1.107
27032,rs7351418,0.02314,1.171
27139,rs259987,0.04011,0.9042
27150,rs746340,0.01906,0.9102
27173,rs11698896,0.03588,1.138
27221,rs12479878,0.03056,1.265
27230,rs6061457,0.01385,0.9052
27236,rs2236200,0.01945,0.8035
27240,rs6062419,0.02739,0.9094
27242,rs2427407,0.01245,0.9048
27271,rs8106379,0.03314,1.1
27284,rs8127852,0.005859,1.442
27289,rs2822519,0.03661,1.089
27305,rs9983068,0.01713,1.135
27326,rs4816445,0.04714,1.266
27334,rs2823096,0.02372,1.156
27345,rs2242834,0.005325,1.159
27359,rs2248859,0.02534,1.271
27386,rs7277815,0.003975,1.24
27387,rs9978981,0.01945,1.278
27416,rs2849886,0.02444,0.9096
27422,rs1784915,0.01519,1.15
27467,rs1474545,0.001513,0.8726
27468,rs962363,0.00312,0.888
27473,rs366343,0.04491,1.096
27479,rs2825401,0.02906,1.092
27492,rs2825556,0.02918,1.326
27526,rs9983966,0.04768,0.9226
27527,rs2826555,0.01077,0.9015
27556,rs2826840,0.03707,1.151
27593,rs2827275,0.04511,1.089
27705,rs2248298,0.01924,0.8477
27725,rs2830072,0.04143,1.109
27727,rs2830076,0.04726,1.084
27731,rs467590,0.004309,1.135
27733,rs457150,0.02281,0.9119
27749,rs1395053,0.03958,0.9131
27755,rs2830430,0.0332,1.092
27787,rs2830698,0.03357,1.12
27789,rs235960,0.002843,1.149
27795,rs1034355,0.02996,1.113
27798,rs2830854,0.01788,0.8976
27810,rs13051424,0.01953,0.9066
27811,rs9976476,0.02043,0.9104
27821,rs2831462,0.0227,1.117
27834,rs11088067,0.007516,0.8981
27901,rs9647055,0.006605,1.153
27975,rs17584809,0.01753,0.6672
27990,rs2012982,0.04267,1.127
28011,rs582547,0.03376,1.091
28015,rs2833991,0.03192,1.121
28025,rs1892585,0.04617,0.9188
28043,rs9984273,0.01825,1.099
28069,rs16991056,0.03837,0.8771
28102,rs13053063,0.01698,0.9003
28107,rs1981392,0.008148,0.8995
28176,rs2850097,0.03344,0.918
28215,rs12106416,0.02047,0.9038
28236,rs460574,0.02197,1.097
28259,rs2150409,0.02351,0.8979
28262,rs16997022,0.04367,0.0
28277,rs9981595,0.01943,1.25
28278,rs2836939,0.02489,0.8665
28294,rs633705,0.01369,0.9052
28295,rs663956,0.01091,1.215
28300,rs2222996,0.04742,0.9226
28301,rs4818066,0.02714,0.9142
28325,rs11911000,0.007838,1.142
28326,rs7276083,0.03931,0.8675
28337,rs2837569,0.03181,1.091
28339,rs2837588,0.01963,0.758
28341,rs2837611,0.01227,0.9007
28342,rs9980018,0.008213,0.8566
28344,rs2837623,0.02193,1.107
28383,rs2838011,0.02826,0.9037
28389,rs441437,0.02295,1.098
28471,rs380161,0.02287,1.102
28472,rs450508,0.02456,0.9138
28532,rs2838510,0.03257,0.8623
28605,rs11700554,0.03191,0.8959
28617,rs17176709,0.005973,0.5612
28676,rs4819596,0.0309,0.8118
28684,rs16981065,0.0287,1.168
28725,rs2283646,0.01482,0.8947
28736,rs2073761,0.02961,0.8653
28737,rs13447272,0.03449,0.8909
28777,rs561595,0.02455,0.9118
28808,rs2276005,0.02996,1.515
28829,rs377976,0.006219,1.175
28830,rs16989048,0.04093,0.7461
28845,rs9612270,0.02852,1.134
28854,rs6003695,0.0244,0.8049
28860,rs8140665,0.01293,1.109
28862,rs7292680,0.04504,1.089
28877,rs5751760,0.02045,1.118
28943,rs2227235,0.01178,0.902
28950,rs4820668,0.0027,0.8865
28952,rs8139129,0.03851,0.885
28959,rs12485236,0.02099,1.107
28967,rs4822706,0.008861,0.8854
28978,rs713998,0.02915,0.8866
28993,rs9613255,0.02094,1.104
29015,rs763788,0.04662,0.9086
29017,rs16986747,0.03907,0.9195
29019,rs4820740,0.04422,0.8878
29065,rs5762375,0.01991,0.6564
29102,rs16986964,0.00823,0.6636
29215,rs12628631,0.04984,0.8973
29219,rs3788476,0.01207,0.9036
29232,rs5754296,0.01025,0.7311
29237,rs137518,0.0499,0.8569
29239,rs470006,0.007764,0.8978
29242,rs9609684,0.01835,0.8041
29261,rs9607037,0.009549,0.9
29277,rs4821178,0.006956,1.135
29279,rs2267280,0.02991,0.7425
29302,rs9609966,0.02923,1.093
29340,rs362059,0.02444,1.095
29352,rs16995562,0.02119,0.8471
29354,rs6518950,0.02236,1.096
29367,rs5999978,0.04422,1.095
29397,rs79236,0.02785,1.1
29407,rs2064459,0.01314,0.8909
29414,rs9622494,0.03516,0.8065
29430,rs64547,0.02825,1.13
29438,rs6000718,0.02909,1.096
29453,rs16998570,0.03675,1.67
29456,rs139860,0.03653,1.111
29470,rs5995572,0.03012,1.128
29534,rs133036,0.04378,0.9182
29556,rs2294979,0.04362,1.117
29574,rs739296,0.02863,1.101
29576,rs133335,0.02008,0.9097
29579,rs2413669,0.00424,1.125
29582,rs134904,0.04901,0.9184
29604,rs138978,0.037,0.9195
29609,rs4820518,0.00276,1.127
29619,rs7292189,0.03232,0.8428
29630,rs713913,0.03555,1.454
29633,rs5764318,0.03361,0.6283
29641,rs5764372,0.02832,0.7456
29644,rs738407,0.04943,1.084
29649,rs6006662,0.02422,1.131
29665,rs2097445,0.03609,0.9085
29673,rs1123145,0.01598,0.908
29723,rs2103541,0.04317,1.116
29758,rs4823545,0.0183,1.156
29766,rs9306515,0.02754,1.158
29774,rs713783,0.001921,0.647
29776,rs136109,0.02515,0.8069
29777,rs9616187,0.01735,0.8334
29779,rs8138968,0.0405,0.9183
29804,rs9626722,0.0145,1.123
29809,rs728100,0.04021,1.086
29810,rs2337501,0.03179,1.09
29811,rs739010,0.001521,0.8769
29847,rs6007770,0.03354,0.9064
29854,rs135346,0.02621,0.8741
29902,rs130141,0.04718,1.087
29972,rs137876,0.04986,1.083
29984,rs2072876,0.04729,
